<metadata>
  <class type="datamodel" id="CREO.DataModel.DFrryPort05" contentid="DFrryPort05">
  </class>
  <classmetadata id="CREO.DataModel.DFrryPort05" description="05フェリー乗り場" > 
    <Groups>
      <Group id="DFrryPort05_1"  description="管理情報">
        <Property id="EntityType" type="Int" readonly="true" description="実体タイプ"/>
        <Property id="ContentID" type="String" readonly="true" description="コンテンツID"/>
        <Property id="AttributeReadOnly" type="Check" readonly="false" description="AttributeReadOnly属性"/>
        <Property id="VisualTag" type="VisualTag" readonly="true" description="VisualTag属性"/>
      </Group>
      <Group id="DFrryPort05_2"  description="オブジェクト情報">
        <Property id="OIDString" type="String" readonly="true" description="実体OIDテキスト"/>
        <Property id="InquestObjectId" type="Int" readonly="true" description="調査対象ＩＤ"/>
        <Property id="MaterialID" type="Int" readonly="true" description="出典ID"/>
        <Property id="CommentText" type="String" readonly="false" description="コメントテキスト"/>
        <Property id="GroupingTag" type="Array" arraytype="Int" readonly="true" description="グループタグ"/>
      </Group>
      <Group id="DFrryPort05_3"  description="オブジェクト依存情報">
        <Property id="DependingItems" type="Depending" method="GetDependingItems" readonly="true" description="依存実体リスト"/>
        <Property id="GeoPointText" type="String" readonly="true" description="依存ポイントテキスト"/>
      </Group>
      <Group id="DFrryPort05_4"  description="履歴情報">
        <Property id="LastSubWorkGroupId" type="Int" readonly="true" description="子作業グループID"/>
        <Property id="ModifiedDate" type="Date" readonly="true" description="更新日付"/>
        <Property id="ModifyUser" type="String" readonly="true" description="更新ユーザ"/>
      </Group>
      <Group id="DFrryPort05_5"  description="基本情報">
        <Property id="FacilityFrryAry" type="Array" arraytype="CommonAttribute" readonly="false" description="≪フェリー港≫"/>
      </Group>
    </Groups>
  </classmetadata>
</metadata>
