<metadata>
  <class type="datamodel" id="CREO.DataModel.DCrsMark" contentid="DCrsMark">
    <enums>
      <Property id="SectionPriority">
        <Item value="1" shorttext="1件目" longtext="1件目" />
        <Item value="2" shorttext="2件目" longtext="2件目" />
      </Property>
    </enums>
  </class>
  <classmetadata id="CREO.DataModel.DCrsMark" description="交差点目印" > 
    <Groups>
      <Group id="DCrsMark_1"  description="管理情報">
        <Property id="EntityType" type="Int" readonly="true" description="実体タイプ"/>
        <Property id="ContentID" type="String" readonly="true" description="コンテンツID"/>
        <Property id="AttributeReadOnly" type="Check" readonly="false" description="AttributeReadOnly属性"/>
        <Property id="VisualTag" type="VisualTag" readonly="true" description="VisualTag属性"/>
      </Group>
      <Group id="DCrsMark_2"  description="オブジェクト情報">
        <Property id="OIDString" type="String" readonly="true" description="実体OIDテキスト"/>
        <Property id="InquestObjectId" type="Int" readonly="true" description="調査対象ＩＤ"/>
        <Property id="MaterialID" type="Int" readonly="true" description="出典ID"/>
        <Property id="CommentText" type="String" readonly="false" description="コメントテキスト"/>
        <Property id="GroupingTag" type="Array" arraytype="Int" readonly="true" description="グループタグ"/>
      </Group>
      <Group id="DCrsMark_3"  description="オブジェクト依存情報">
        <Property id="DependingItems" type="Depending" method="GetDependingItems" readonly="true" description="依存実体リスト"/>
        <Property id="GeoMultiPointText" type="String" readonly="true" description="空間データテキスト"/>
      </Group>
      <Group id="DCrsMark_4"  description="履歴情報">
        <Property id="LastSubWorkGroupId" type="Int" readonly="true" description="子作業グループID"/>
        <Property id="ModifiedDate" type="Date" readonly="true" description="更新日付"/>
        <Property id="ModifyUser" type="String" readonly="true" description="更新ユーザ"/>
      </Group>
      <Group id="DCrsMark_5"  description="基本情報">
        <Property id="MarkNameCommon" type="CommonAttribute" readonly="false" description="共通：≪目印名称≫" linkgroup="DCrsMark_5"/>
        <Property id="MarkName" type="CommonAttribute" readonly="false" description="≪目印名称≫" linkgroup="DCrsMark_5" isNeedChangeOther="false"/>
        <Property id="MarkPointText" type="String" readonly="true" description="目印座標テキスト"/>
        <Property id="SectionPriority" type="DropDownList" readonly="false" description="区画内優先順位"/>
        <Property id="SurveyDate" type="String" readonly="true" description="調査日"/>
        <Property id="MaterialInfo" type="Int" readonly="false" description="出典情報"/>
      </Group>
    </Groups>
  </classmetadata>
</metadata>
