<metadata>
  <class type="datamodel" id="CREO.DataModel.DFrryCompatibleInfo" contentid="DFrryCompatibleInfo">
    <enums>
      <Property id="FrryRltRoadCode">
        <Item value="1" shorttext="フェリー関連道路" longtext="1：フェリー関連道路" />
        <Item value="2" shorttext="フェリー航路接続道路" longtext="2：フェリー航路接続道路" />
      </Property>
      <Property id="GuideLayerCode">
        <Item value="1" shorttext="レイヤ１" longtext="レイヤ１" />
        <Item value="2" shorttext="レイヤ２" longtext="レイヤ２" />
        <Item value="3" shorttext="レイヤ３" longtext="レイヤ３" />
      </Property>
      <Property id="GuideRoadCode">
        <Item value="1" shorttext="探索案内道路" longtext="探索案内道路" />
        <Item value="2" shorttext="非探索道路" longtext="非探索道路" />
        <Item value="3" shorttext="ZPF対象道路" longtext="ZPF対象道路" />
      </Property>
    </enums>
  </class>
  <classmetadata id="CREO.DataModel.DFrryCompatibleInfo" description="フェリー周辺互換情報" > 
    <Groups>
      <Group id="DFrryCompatibleInfo_1"  description="管理情報">
        <Property id="EntityType" type="Int" readonly="true" description="実体タイプ"/>
        <Property id="ContentID" type="String" readonly="true" description="コンテンツID"/>
        <Property id="AttributeReadOnly" type="Check" readonly="false" description="AttributeReadOnly属性"/>
        <Property id="VisualTag" type="VisualTag" readonly="true" description="VisualTag属性"/>
      </Group>
      <Group id="DFrryCompatibleInfo_2"  description="オブジェクト情報">
        <Property id="OIDString" type="String" readonly="true" description="実体OIDテキスト"/>
        <Property id="InquestObjectId" type="Int" readonly="true" description="調査対象ＩＤ"/>
        <Property id="MaterialID" type="Int" readonly="true" description="出典ID"/>
        <Property id="CommentText" type="String" readonly="false" description="コメントテキスト"/>
        <Property id="GroupingTag" type="Array" arraytype="Int" readonly="true" description="グループタグ"/>
      </Group>
      <Group id="DFrryCompatibleInfo_3"  description="オブジェクト依存情報">
        <Property id="DependingItems" type="Depending" method="GetDependingItems" readonly="true" description="依存実体リスト"/>
        <Property id="GeoPolylineText" type="String" readonly="true" description="依存ポリラインテキスト"/>
      </Group>
      <Group id="DFrryCompatibleInfo_4"  description="履歴情報">
        <Property id="LastSubWorkGroupId" type="Int" readonly="true" description="子作業グループID"/>
        <Property id="ModifiedDate" type="Date" readonly="true" description="更新日付"/>
        <Property id="ModifyUser" type="String" readonly="true" description="更新ユーザ"/>
      </Group>
      <Group id="DFrryCompatibleInfo_5"  description="フェリー関連道路情報">
        <Property id="FrryRltRoadCode" type="DropDownList" readonly="false" description="フェリー関連道路コード">
        </Property>
      </Group>
      <Group id="DFrryCompatibleInfo_6"  description="05互換情報">
        <Property id="GuideRoadCode" type="DropDownList" readonly="false" description="探索案内道路コード">
        </Property>
        <Property id="GuideLayerCode" type="DropDownList" readonly="false" description="探索レイヤコード">
        </Property>
      </Group>
    </Groups>
  </classmetadata>
</metadata>
