﻿<metadata>
  <class type="datamodel" id="CREO.DataModel.DDesignGuide3DCrs" contentid="DDesignGuide3DCrs">
    <enums>
      <Property id="AdoptFlg">
        <Item value="1" shorttext="採用" longtext="採用" />
        <Item value="2" shorttext="非採用" longtext="非採用" />
      </Property>
      <Property id="AutoCreateFlg">
        <Item value="1" shorttext="自動生成" longtext="あり" />
      </Property>
      <Property id="GeoDirect">
        <Item value="1" shorttext="正方向" longtext="正方向" />
        <Item value="2" shorttext="逆方向" longtext="逆方向" />
      </Property>
    </enums>
  </class>
  <classmetadata id="CREO.DataModel.DDesignGuide3DCrs" description="3D交差点案内経路" > 
    <Groups>
      <Group id="DDesignGuide3DCrs_1"  description="管理情報">
        <Property id="EntityType" type="Int" readonly="true" description="実体タイプ"/>
        <Property id="ContentID" type="String" readonly="true" description="コンテンツID"/>
        <Property id="AttributeReadOnly" type="Check" readonly="false" description="AttributeReadOnly属性"/>
        <Property id="VisualTag" type="VisualTag" readonly="true" description="VisualTag属性"/>
      </Group>
      <Group id="DDesignGuide3DCrs_2"  description="オブジェクト情報">
        <Property id="OIDString" type="String" readonly="true" description="実体OIDテキスト"/>
        <Property id="InquestObjectId" type="Int" readonly="true" description="調査対象ＩＤ"/>
        <Property id="MaterialID" type="Int" readonly="true" description="出典ID"/>
        <Property id="CommentText" type="String" readonly="false" description="コメントテキスト"/>
        <Property id="GroupingTag" type="Array" arraytype="Int" readonly="true" description="グループタグ"/>
      </Group>
      <Group id="DDesignGuide3DCrs_3"  description="オブジェクト依存情報">
        <Property id="DependingItems" type="Depending" method="GetDependingItems" readonly="true" description="依存実体リスト"/>
        <Property id="GeoPointText" type="String" readonly="true" description="依存ポイントテキスト"/>
        <Property id="GeoPolylineText" type="String" readonly="true" description="依存ポリラインテキスト"/>
        <Property id="GeoDirect" type="DropDownList" readonly="true" description="依存方向">
        </Property>
      </Group>
      <Group id="DDesignGuide3DCrs_4"  description="履歴情報">
        <Property id="LastSubWorkGroupId" type="Int" readonly="true" description="子作業グループID"/>
        <Property id="ModifiedDate" type="Date" readonly="true" description="更新日付"/>
        <Property id="ModifyUser" type="String" readonly="true" description="更新ユーザ"/>
      </Group>
      <Group id="DDesignGuide3DCrs_5"  description="基本情報">
        <Property id="Design3DCrs" type="CommonAttribute" readonly="false" description="≪3D交差点案内意匠≫"/>
      </Group>
      <Group id="DDesignGuide3DCrs_6"  description="整備情報">
        <Property id="AdoptFlg" type="DropDownList" readonly="false" description="採用フラグ">
        </Property>
        <Property id="NonAdoptReason" type="String" readonly="false" description="不採用理由"/>
        <Property id="AutoCreateFlg" type="DropDownList" readonly="false" description="自動生成フラグ">
        </Property>
      </Group>
    </Groups>
  </classmetadata>
</metadata>
