﻿<metadata>
  <class type="datamodel" id="CREO.DataModel.DDesignGuideDirectionSign" contentid="DDesignGuideDirectionSign">
    <enums>
      <Property id="GeoDirect">
        <Item value="1" shorttext="正方向" longtext="正方向" />
        <Item value="2" shorttext="逆方向" longtext="逆方向" />
      </Property>
    </enums>
  </class>
  <classmetadata id="CREO.DataModel.DDesignGuideDirectionSign" description="方面看板案内経路" >
    <Groups>
      <Group id="DDesignGuideDirectionSign_1"  description="管理情報">
        <Property id="EntityType" type="Int" readonly="true" description="実体タイプ"/>
        <Property id="ContentID" type="String" readonly="true" description="コンテンツID"/>
        <Property id="AttributeReadOnly" type="Check" readonly="false" description="AttributeReadOnly属性"/>
        <Property id="VisualTag" type="VisualTag" readonly="true" description="VisualTag属性"/>
      </Group>
      <Group id="DDesignGuideDirectionSign_2"  description="オブジェクト情報">
        <Property id="OIDString" type="String" readonly="true" description="実体OIDテキスト"/>
        <Property id="InquestObjectId" type="Int" readonly="true" description="調査対象ＩＤ"/>
        <Property id="MaterialID" type="Int" readonly="true" description="出典ID"/>
        <Property id="CommentText" type="String" readonly="false" description="コメントテキスト"/>
        <Property id="GroupingTag" type="Array" arraytype="Int" readonly="true" description="グループタグ"/>
      </Group>
      <Group id="DDesignGuideDirectionSign_3"  description="オブジェクト依存情報">
        <Property id="DependingItems" type="Depending" method="GetDependingItems" readonly="true" description="依存実体リスト"/>
        <Property id="GeoPointText" type="String" readonly="true" description="依存ポイントテキスト"/>
        <Property id="GeoPolylineText" type="String" readonly="true" description="依存ポリラインテキスト"/>
        <Property id="GeoDirect" type="DropDownList" readonly="true" description="依存方向"/>
      </Group>
      <Group id="DDesignGuideDirectionSign_4"  description="履歴情報">
        <Property id="LastSubWorkGroupId" type="Int" readonly="true" description="子作業グループID"/>
        <Property id="ModifiedDate" type="Date" readonly="true" description="更新日付"/>
        <Property id="ModifyUser" type="String" readonly="true" description="更新ユーザ"/>
      </Group>
      <Group id="DDesignGuideDirectionSign_5"  description="基本情報">
        <Property id="DesignDirectionSign" type="CommonAttribute" readonly="false" description="≪方面看板案内意匠≫"/>
        <Property id="DesignDirectionSignMultiLangAry" type="Array" arraytype="Struct" structtype="MultiLangCollection" readonly="false" description="方面看板名称"/>
      </Group>
    </Groups>
  </classmetadata>
</metadata>
