<metadata>
  <class type="datamodel" id="CREO.DataModel.DArrivalPnt" contentid="DArrivalPnt">
    <enums>
      <Property id="ArrivalPntDivisionFlg">
        <Item value="1" shorttext="05到着点" longtext="05到着点" />
        <Item value="2" shorttext="07到着点" longtext="07到着点" />
      </Property>
      <Property id="ArrivalPntKindCode">
        <Item value="1" shorttext="住所到着点" longtext="1：住所到着点" />
        <Item value="2" shorttext="タウン到着点" longtext="2：タウン到着点" />
        <Item value="3" shorttext="その他到着点" longtext="3：その他到着点" />
        <Item value="4" shorttext="建物到着点" longtext="4：建物到着点" />
      </Property>
      <Property id="ArrivalPntSurveyFlg">
        <Item value="1" shorttext="調査済" longtext="調査済" />
        <Item value="2" shorttext="調査不可" longtext="調査不可" />
      </Property>
      <Property id="ArrivalPntDirectFlg">
        <Item value="1" shorttext="到着方向用到着点" longtext="1：到着方向用到着点" />
      </Property>
      <Property id="ArrivalPntAccurateInfo">
        <Item value="1" shorttext="施設正面" longtext="1：施設正面" />
        <Item value="2" shorttext="駐車場" longtext="2：駐車場" />
        <Item value="3" shorttext="交差点" longtext="3：交差点" />
        <Item value="4" shorttext="離島・マイカー規制" longtext="4：離島・マイカー規制" />
        <Item value="9" shorttext="仮置き" longtext="9：仮置き" />
      </Property>
    </enums>
  </class>
  <classmetadata id="CREO.DataModel.DArrivalPnt" description="案内到着位置" > 
    <Groups>
      <Group id="DArrivalPnt_1"  description="管理情報">
        <Property id="EntityType" type="Int" readonly="true" description="実体タイプ"/>
        <Property id="ContentID" type="String" readonly="true" description="コンテンツID"/>
        <Property id="AttributeReadOnly" type="Check" readonly="false" description="AttributeReadOnly属性"/>
        <Property id="VisualTag" type="VisualTag" readonly="true" description="VisualTag属性"/>
      </Group>
      <Group id="DArrivalPnt_2"  description="オブジェクト情報">
        <Property id="OIDString" type="String" readonly="true" description="実体OIDテキスト"/>
        <Property id="InquestObjectId" type="Int" readonly="true" description="調査対象ＩＤ"/>
        <Property id="MaterialID" type="Int" readonly="true" description="出典ID"/>
        <Property id="CommentText" type="String" readonly="false" description="コメントテキスト"/>
        <Property id="GroupingTag" type="Array" arraytype="Int" readonly="true" description="グループタグ"/>
      </Group>
      <Group id="DArrivalPnt_3"  description="オブジェクト依存情報">
        <Property id="DependingItems" type="Depending" method="GetDependingItems" readonly="true" description="依存実体リスト"/>
        <Property id="GeoMultiPointText" type="String" readonly="true" description="空間データテキスト"/>
      </Group>
      <Group id="DArrivalPnt_4"  description="履歴情報">
        <Property id="LastSubWorkGroupId" type="Int" readonly="true" description="子作業グループID"/>
        <Property id="ModifiedDate" type="Date" readonly="true" description="更新日付"/>
        <Property id="ModifyUser" type="String" readonly="true" description="更新ユーザ"/>
      </Group>
      <Group id="DArrivalPnt_5"  description="基本情報">
        <Property id="ArrivalPntKindCode" type="DropDownList" readonly="false" description="到着点コンテンツ分類コード"/>
        <Property id="ArrivalPntDivisionFlg" type="DropDownList" readonly="true" description="到着点納品先判別フラグ"/>
        <Property id="ArrivalPntName" type="Struct" readonly="false" description="到着点名称" structtype="MultiLangCollection"/>
        <Property id="ArrivalPointText" type="String" readonly="true" description="到着点座標テキスト"/>
        <Property id="RoadOID" type="Int" readonly="false" description="基幹道路OID"/>
        <Property id="ArrivalPntSurveyFlg" type="DropDownList" readonly="false" description="到着点調査フラグ" />
        <Property id="GuideDirectPointText" type="String" readonly="true" description="案内方向座標テキスト"/>
        <Property id="ArrivalPntDirectFlg" type="DropDownList" readonly="false" description="到着方向用到着点フラグ"/>
        <Property id="ArrivalPntAccurateInfo" type="DropDownList" readonly="false" description="到着点精度情報"/>
      </Group>
      <Group id="DArrivalPnt_6"  description="補間点情報">
        <Property id="NearestPoint1Text" type="String" readonly="true" description="到着道路補間点相対座標1テキスト"/>
        <Property id="NearestPoint2Text" type="String" readonly="true" description="到着道路補間点相対座標2テキスト"/>
      </Group>
    </Groups>
  </classmetadata>
</metadata>
