﻿<metadata>
  <class type="datamodel" id="CREO.DataModel.DGroupParentChildFacility" contentid="DGroupParentChildFacility">
    <enums>
      <Property id="RelationTypeFlg">
        <Item value="1" shorttext="1：到着点" longtext="1：到着点" />
        <Item value="2" shorttext="2：テナント" longtext="2：テナント" />
      </Property>
    </enums>
  </class>
  <classmetadata id="CREO.DataModel.DGroupParentChildFacility" description="統合親子物件" >
    <Groups>
      <Group id="DGroupParentChildFacility_1"  description="管理情報">
        <Property id="EntityType" type="Int" readonly="true" description="実体タイプ"/>
        <Property id="ContentID" type="String" readonly="true" description="コンテンツID"/>
        <Property id="AttributeReadOnly" type="Check" readonly="false" description="AttributeReadOnly属性"/>
        <Property id="VisualTag" type="VisualTag" readonly="true" description="VisualTag属性"/>
      </Group>
      <Group id="DGroupParentChildFacility_2"  description="オブジェクト情報">
        <Property id="OIDString" type="String" readonly="true" description="実体OIDテキスト"/>
        <Property id="InquestObjectId" type="Int" readonly="true" description="調査対象ＩＤ"/>
        <Property id="MaterialID" type="Int" readonly="true" description="出典ID"/>
        <Property id="CommentText" type="String" readonly="false" description="コメントテキスト"/>
        <Property id="GroupingTag" type="Array" arraytype="Int" readonly="true" description="グループタグ"/>
      </Group>
      <Group id="DGroupParentChildFacility_3"  description="オブジェクト依存情報">
        <Property id="DependingItems" type="Depending" method="GetDependingItems" readonly="true" description="依存実体リスト"/>
        <Property id="GeoMultiPointText" type="String" readonly="true" description="空間データテキスト"/>
      </Group>
      <Group id="DGroupParentChildFacility_4"  description="履歴情報">
        <Property id="LastSubWorkGroupId" type="Int" readonly="true" description="子作業グループID"/>
        <Property id="ModifiedDate" type="Date" readonly="true" description="更新日付"/>
        <Property id="ModifyUser" type="String" readonly="true" description="更新ユーザ"/>
      </Group>
      <Group id="DGroupParentChildFacility_5"  description="基本情報">
        <Property id="RelationTypeFlg" type="DropDownList" readonly="false" description="関係分類フラグ"/>
      </Group>
    </Groups>
  </classmetadata>
</metadata>
